"","df","AIC","lm"
"1",10,26957.5602944138,"lm1"
"2",38,26840.7183381349,"lm2"
"3",94,26894.1460729048,"lm3"
"4",164,26909.6409366076,"lm4"
"5",220,26984.5473965507,"lm5"
"6",248,26991.5498527591,"lm6"
"7",256,26991.9700646609,"lm7"
"8",257,26992.3842421342,"lm8"
