"","Res.Df","RSS","Df","Sum of Sq","F","Pr(>F)"
"1",6154,28546.6191693349,NA,NA,NA,NA
"2",6126,27757.1484937149,28,789.470675619952,6.28561091171632,5.50697637177572e-23
"3",6070,27494.5981448647,56,262.550348850178,1.04518723023605,0.383474090689176
"4",6000,26944.7243210145,70,549.873823850194,1.75119507994179,0.000118355456326139
"5",5944,26783.0378952739,56,161.686425740627,0.64365782878105,0.982133345040937
"6",5916,26570.9495804761,28,212.088314797809,1.68860562768057,0.013059323244799
"7",5908,26503.8642395461,8,67.0853409300071,1.86942121342451,0.0602424927778875
"8",5907,26497.0453172801,1,6.81892226596028,1.52014586316004,0.217646485503617
