"","Isolate","Mean_n","SD_n"
"1","Control",47,NA
"2","KUB5_13",2.81640625,1.79800662363281
"3","KUE4_10",2.98828125,1.90455063275963
"4","KUE4_4",3.4921875,1.78883725517169
"5","LUF4_5",3.38671875,1.71580295471589
"6","NUE1_1",2.57421875,1.58990669815041
"7","NUF1_3",2.83203125,1.77981861132411
"8","OP50",3.47265625,2.11048604545001
"9","SC",3.140625,1.72971435928187
