"","Isolate","Mean_n","SD_n"
"1","Control",32,NA
"2","KUB5_13",2.015625,1.43886870049178
"3","KUE4_10",2.5,1.46059348668044
"4","KUE4_4",2.82421875,1.52764055384921
"5","LUF4_5",2.73046875,1.3081978979482
"6","NUE1_1",2.296875,1.42998354577123
"7","NUF1_3",2,1.43075463428549
"8","OP50",2.61328125,1.63144930605744
"9","SC",2.4453125,1.2760760549588
